date,search rank,id,brand,rating,num reviews

2015-11-27,1,25847978,Cheerios,4.826,201

2015-11-27,2,25875664,Kellogg,4.704,115

2015-11-27,3,34164100,Post,4.818,44

2015-11-27,4,25847977,other,4.735,34

2015-11-27,5,10315424,other,4.606,71

2015-11-27,6,34201711,other,4.579,19

2015-11-27,7,25875665,Kellogg,4.935,46

2015-11-27,8,25875663,Kellogg,4.767,60

2015-11-27,9,10818684,Kellogg,4.862,58

2015-11-27,10,17179326,other,4.288,59

2015-11-27,11,19757533,Kellogg,4.71,31

2015-11-27,12,25847972,other,4.757,102

2015-11-27,13,15716906,Post,0,0

2015-11-27,14,11303903,other,3.303,33

2015-11-27,15,10818609,Kellogg,4.674,46

2015-11-27,16,38384605,Cheerios,4.813,16

2015-11-27,17,10311275,other,4.636,11

2015-11-27,18,10311409,Cheerios,4.826,201

2015-11-27,19,20648084,Post,4.318,22

2015-11-27,20,33886601,other,4.273,11

2015-11-27,21,33886599,Cheerios,4.727,44

2015-11-27,22,33886600,other,3.727,11

2015-11-27,23,10891818,other,4.767,60

2015-11-27,24,34201712,other,4.083,12

2015-11-27,25,15611121,Post,4.932,44

2015-11-27,26,20648085,Post,4.143,7

2015-11-27,27,16923604,other,4.5,14

2015-11-27,28,10804495,other,4.536,28

2015-11-27,29,10891821,other,4.647,51

2015-11-27,30,24984274,Kellogg,4.884,45

2015-11-27,31,34536008,other,4.658,111

2015-11-27,32,10818617,Kellogg,4.737,19

2015-11-27,33,16923611,other,4.667,6

2015-11-27,34,10294604,other,4.885,26

2015-11-27,35,11046710,Cheerios,4.759,29

2015-11-27,36,21063109,Kellogg,4.659,44

2015-11-27,37,10311411,other,4.792,24

2015-11-27,38,10292154,other,4.696,23

2015-11-27,39,10315966,other,4.355,31

2015-11-27,40,34201710,Cheerios,4.857,14

2015-11-27,41,19514902,other,4.519,54

2015-11-27,42,15716908,Post,5.0,9

2015-11-27,43,10311410,Cheerios,4.837,184

2015-11-27,44,19890855,Kellogg,4.704,115

2015-11-27,45,15611122,Post,5.0,21

2015-11-27,46,19766250,other,4.467,15

2015-11-27,47,10450280,other,4.539,13

2015-11-27,48,24984281,Kellogg,4.789,52

2015-11-27,49,10818613,Kellogg,4.772,123

2015-11-27,50,26384671,Kellogg,4.8,20

2015-11-27,51,33426024,Cheerios,5.0,4

2015-11-27,52,10315967,other,4.429,14

2015-11-27,53,16923602,other,4.462,13

2015-11-27,54,32286719,other,4.438,32

2015-11-27,55,17179322,other,4.25,28

2015-11-27,56,25847976,other,4.353,17

2015-11-27,57,36915387,other,4.5,10

2015-11-27,58,12329730,other,4.333,60

2015-11-27,59,21048475,other,4.917,24

2015-11-27,60,10450278,other,4.75,16

2015-11-27,61,10450112,other,4.6,15

2015-11-27,62,24984273,Kellogg,4.844,32

2015-11-27,63,10450277,other,4.833,6

2015-11-27,64,23984405,other,3.667,6

2015-11-27,65,15716903,Post,4.846,13

2015-11-27,66,38227253,other,5.0,7

2015-11-27,67,24984278,Kellogg,4.775,80

2015-11-27,68,10804531,other,4.706,34

2015-11-27,69,13399215,other,3.95,60

2015-11-27,70,34536023,other,3.91,134

2015-11-27,71,10311420,other,4.667,15

2015-11-27,72,36901935,other,4.167,12

2015-11-27,73,10319631,Kashi,4.286,7

2015-11-27,74,10450279,other,4.415,41

2015-11-27,75,10311273,other,4.76,25

2015-11-27,76,10403208,other,4.824,17

2015-11-27,77,10411377,other,4.757,102

2015-11-27,78,20970530,other,4.0,2

2015-11-27,79,39326219,Kellogg,4.694,115

2015-11-27,80,24984277,Kellogg,4.819,94

2015-11-27,81,45099803,other,0,0

2015-11-27,82,10311280,other,4.68,25

2015-11-27,83,10311398,other,4.735,49

2015-11-27,84,16923606,other,3.613,62

2015-11-27,85,15716901,other,4.783,23

2015-11-27,86,15716905,Post,4.857,35

2015-11-27,87,10813984,other,4.586,70

2015-11-27,88,38498749,other,0,0

2015-11-27,89,36915386,other,5.0,1

2015-11-27,90,10292938,other,4.867,15

2015-11-27,91,34536022,other,4.186,59

2015-11-27,92,10294606,other,5.0,10

2015-11-27,93,37402338,other,4.389,18

2015-11-27,94,45099791,other,5.0,1

2015-11-27,95,21125860,other,0,0

2015-11-27,96,33426025,Cheerios,4.6,30

2015-11-27,97,17203448,other,4.757,102

2015-11-27,98,17203444,other,4.6,15

2015-11-27,99,25847989,Cheerios,4.375,40

2015-11-27,100,23597638,Cheerios,5.0,9

2015-11-27,101,10311271,other,4.706,17

2015-11-27,102,20970526,other,5.0,3

2015-11-27,103,25819603,Kellogg,4.241,54

2015-11-27,104,37402337,other,4.7,10

2015-11-27,105,10818686,other,4.778,9

2015-11-27,106,42353810,Kellogg,4.882,17

2015-11-27,107,10294607,other,4.647,17

2015-11-27,108,37413555,Kellogg,0,0

2015-11-27,109,10813983,other,3.667,3

2015-11-27,110,36304314,other,0,0

2015-11-27,111,21002371,Kashi,4.882,17

2015-11-27,112,21125846,other,4.857,14

2015-11-27,113,37341974,other,4.546,11

2015-11-27,114,21208469,Kashi,4.875,16

2015-11-27,115,37402339,other,4.889,9

2015-11-27,116,10789542,other,4.542,24

2015-11-27,117,27617757,other,4.878,90

2015-11-27,118,43924526,Kellogg,5.0,1

2015-11-27,119,21106275,Kashi,4.0,8

2015-11-27,120,19399977,other,5.0,1

2015-11-27,121,42353809,Kellogg,4.8,35

2015-11-27,122,10789543,other,4.388,49

2015-11-27,123,22863013,Kashi,4.539,13

2015-11-27,124,42351902,other,0,0

2015-11-27,125,44656717,Kellogg,0,0

2015-11-27,126,36348034,other,5.0,2

2015-11-27,127,15413608,other,4.667,6

2015-11-27,128,46771745,Kellogg,0,0

2015-11-27,129,10818631,other,4.897,29

2015-11-27,130,10313244,other,4.889,36

2015-11-27,131,25596741,Kellogg,4.963,27

2015-11-27,132,44680628,other,0,0

2015-11-27,133,20923795,other,4.7,20

2015-11-27,134,20469703,other,4.318,22

2015-11-27,135,21096170,Kellogg,4.952,21

2015-11-27,136,24722541,Kellogg,4.759,112

2015-11-27,137,33886602,other,4.5,18

2015-11-27,138,10818615,other,4.783,23

2015-11-27,139,40617013,Cheerios,4.744,39

2015-11-27,140,16785105,Post,5.0,6

2015-11-27,141,11303913,other,4.1,10

2015-11-27,142,35044567,Post,4.692,13

2015-11-27,143,23597945,other,4.8,10

2015-11-27,144,10292151,other,4.561,41

2015-11-27,145,23984404,other,4.765,34

2015-11-27,146,10402735,other,4.879,33

2015-11-27,147,12329729,other,4.717,106

2015-11-27,148,41474804,other,4.563,32

2015-11-27,149,24984279,Kellogg,4.846,13

2015-11-27,150,14869856,other,4.636,11

2015-11-27,151,36348035,Cheerios,4.28,25

2015-11-27,152,16785100,other,4.8,15

2015-11-27,153,10891840,other,4.875,16

2015-11-27,154,22210561,other,4.75,16

2015-11-27,155,16785099,other,5.0,13

2015-11-27,156,36348028,Cheerios,4.636,22

2015-11-27,157,10311422,Cheerios,4.448,29

2015-11-27,158,10403207,other,4.143,14

2015-11-27,159,14869857,other,4.765,17

2015-11-27,160,17208751,Cheerios,4.837,184

2015-11-27,161,15716902,Post,4.45,20

2015-11-27,162,32286721,other,4.273,11

2015-11-27,163,10321405,other,4.863,51

2015-11-27,164,10891816,other,4.677,31

2015-11-27,165,10311414,other,4.757,102

2015-11-27,166,14651639,Cheerios,4.6,30

2015-11-27,167,15611120,other,4.682,22

2015-11-27,168,10311402,other,4.417,12

2015-11-27,169,21268939,other,4.579,19

2015-11-27,170,24984276,Kellogg,4.82,49

2015-11-27,171,20976607,Kashi,4.583,12

2015-11-27,172,26712789,other,4.708,65

2015-11-27,173,19794417,Kellogg,4.615,13

2015-11-27,174,33785035,other,4.727,11

2015-11-27,175,28468230,other,4.0,9

2015-11-27,176,10292149,other,4.548,31

2015-11-27,177,19514900,other,4.75,8

2015-11-27,178,21476104,Kashi,4.813,16

2015-11-27,179,19757534,Kellogg,4.583,24

2015-11-27,180,21081221,other,4.304,23

2015-11-27,181,21092537,other,4.688,64

2015-11-27,182,11964845,other,4.25,8

2015-11-27,183,42353807,Kellogg,4.412,17

2015-11-27,184,21265991,Post,4.941,17

2015-11-27,185,10789576,other,4.785,65

2015-11-27,186,34481845,other,5.0,3

2015-11-27,187,33886603,Cheerios,4.765,17

2015-11-27,188,39881660,Cheerios,4.75,8

2015-11-27,189,26691074,other,4.4,10

2015-11-27,190,16785102,Post,5.0,11

2015-11-27,191,34202125,other,4.333,6

2015-11-27,192,21268885,Kashi,4.947,19

2015-11-27,193,10311405,Cheerios,4.385,13

2015-11-27,194,24984275,Kellogg,4.758,91

2015-11-27,195,22257607,Kashi,4.909,11

2015-11-27,196,16785098,Post,5.0,15

2015-11-27,197,34334718,other,4.909,11

2015-11-27,198,16785103,Post,5.0,2

2015-11-27,199,21125854,other,4.636,11

2015-11-27,200,21978523,other,4.438,89

2015-11-27,201,16779602,other,4.375,8

2015-11-27,202,10315964,other,4.8,10

2015-11-27,203,24984280,Kellogg,4.643,28

2015-11-27,204,16923607,other,4.625,24

2015-11-27,205,34536026,other,3.786,14

2015-11-27,206,10402740,other,4.765,17

2015-11-27,207,22389074,other,4.8,5

2015-11-27,208,21467403,other,4.4,5

2015-11-27,209,32286720,Post,4.938,16

2015-11-27,210,10789577,other,4.862,58

2015-11-27,211,21467406,Cheerios,4.857,14

2015-11-27,212,42353817,Kellogg,3.889,9

2015-11-27,213,14711224,other,4.727,11

2015-11-27,214,21125847,other,4.793,58

2015-11-27,215,20970529,other,0,0

2015-11-27,216,17193617,Kashi,5.0,1

2015-11-27,217,17057014,Post,4.875,8

2015-11-27,218,11964755,Kellogg,2.0,1

2015-11-27,219,33887106,Kellogg,4.692,13

2015-11-27,220,22356624,Kellogg,4.813,251

2015-11-27,221,10818612,other,4.806,108

2015-11-27,222,10813378,Cheerios,4.833,18

2015-11-27,223,36267570,other,0,0

2015-11-27,224,21063108,Kellogg,4.704,115

2015-11-27,225,16923608,other,4.8,20

2015-11-27,226,17057016,Post,4.75,8

2015-11-27,227,16779603,Post,5.0,7

2015-11-27,228,22356626,Kellogg,4.636,11

2015-11-27,229,10311404,other,4.706,17

2015-11-27,230,10818687,other,4.604,48

2015-11-27,231,36902154,other,0,0

2015-11-27,232,33887105,Kellogg,4.716,102

2015-11-27,233,10818679,other,4.462,13

2015-11-27,234,33628805,other,4.5,10

2015-11-27,235,10311403,other,4.765,34

2015-11-27,236,21174196,Kashi,4.059,17

2015-11-27,237,17196456,other,4.546,11

2015-11-27,238,16785097,other,5.0,6

2015-11-27,239,10789475,other,4.667,30

2015-11-27,240,44656716,Kashi,5.0,1

2015-11-27,241,33963466,Kellogg,4.563,16

2015-11-27,242,17196562,other,4.533,15

2015-11-27,243,10311408,Cheerios,4.727,44

2015-11-27,244,33412364,Post,4.9,10

2015-11-27,245,17193435,other,3.667,3

2015-11-27,246,10312439,other,4.218,284

2015-11-27,247,33856197,other,4.111,9

2015-11-27,248,19757536,Kellogg,4.273,11

2015-11-27,249,17193483,other,4.75,4

2015-11-27,250,11047243,other,3.4,5

2015-11-27,251,17203443,other,4.909,11

2015-11-27,252,16923610,other,4.875,8

2015-11-27,253,21633494,Kashi,0,0

2015-11-27,254,22356629,other,4.667,84

2015-11-27,255,44656718,Kashi,5.0,1

2015-11-27,256,15716904,other,5.0,2

2015-11-27,257,22365078,Cheerios,4.375,40

2015-11-27,258,19477122,Post,4.5,4

2015-11-27,259,10315423,other,4.111,18

2015-11-27,260,10311506,other,4.625,16

2015-11-27,261,45099805,other,0,0

2015-11-27,262,10818608,Kellogg,4.674,46

2015-11-27,263,10818689,other,5.0,3

2015-11-27,264,10311277,Cheerios,4.826,201

2015-11-27,265,38354161,other,4.0,1

2015-11-27,266,21009168,other,4.25,12

2015-11-27,267,21096172,Kellogg,4.75,4

2015-11-27,268,33963474,other,4.375,8

2015-11-27,269,26691078,other,0,0

2015-11-27,270,10450276,other,4.9,10

2015-11-27,271,22210562,other,5.0,2

2015-11-27,272,10818643,other,4.722,18

2015-11-27,273,25875660,Kellogg,4.712,73

2015-11-27,274,19890854,other,4.872,86

2015-11-27,275,17196564,other,5.0,1

2015-11-27,276,35824692,other,4.444,9

2015-11-27,277,20970524,other,4.4,10

2015-11-27,278,39326203,other,5.0,1

2015-11-27,279,34188831,Post,4.727,11

2015-11-27,280,28468231,other,4.586,70

2015-11-27,281,17193460,other,4.429,7

2015-11-27,282,26691080,other,4.556,9

2015-11-27,283,19757535,Kellogg,4.6,5

2015-11-27,284,22572887,other,3.667,3

2015-11-27,285,21125844,other,4.735,34

2015-11-27,286,21092536,Kellogg,4.694,115

2015-11-27,287,10891820,other,4.647,51

2015-11-27,288,10402734,other,4.25,8

2015-11-27,289,22388956,other,4.8,5

2015-11-27,290,17196541,other,0,0

2015-11-27,291,15686364,Cheerios,3.667,3

2015-11-27,292,42353811,Kellogg,4.857,7

2015-11-27,293,25875654,Kellogg,4.571,7

2015-11-27,294,21009169,Kellogg,4.929,14

2015-11-27,295,10311274,other,4.579,19

2015-11-27,296,10311278,other,4.353,17

2015-11-27,297,10818682,other,4.647,51

2015-11-27,298,17196563,other,4.8,5

2015-11-27,299,19514899,other,0,0

2015-11-27,300,25847983,other,4.083,12

2015-11-27,301,12444772,other,4.571,14

2015-11-27,302,10898865,Kellogg,4.909,11

2015-11-27,303,17193606,other,4.667,3

2015-11-27,304,37586843,other,0,0

2015-11-27,305,21633495,Kashi,0,0

2015-11-27,306,41474801,other,4.448,29

2015-11-27,307,22356628,Kellogg,4.3,10

2015-11-27,308,35044566,Post,4.667,6

2015-11-27,309,17196457,other,4.0,9

2015-11-27,310,44981920,other,5.0,4

2015-11-27,311,10292116,other,4.649,37

2015-11-27,312,10311397,other,4.579,19

2015-11-27,313,26135216,other,4.0,1

2015-11-27,314,21125842,other,4.793,58

2015-11-27,315,45709515,other,5.0,2

2015-11-27,316,10292954,other,0,0

2015-11-27,317,45912909,other,0,0

2015-11-27,318,10818680,other,4.677,31

2015-11-27,319,45099788,other,0,0

2015-11-27,320,41474803,Cheerios,4.405,37

2015-11-27,321,10311276,other,5.0,3

2015-11-27,322,10891773,Kashi,4.364,11

2015-11-27,323,10813379,other,4.875,16

2015-11-27,324,10311415,other,4.654,26

2015-11-27,325,17193480,other,4.4,4

2015-11-27,326,44656729,Kellogg,4.5,2

2015-11-27,327,17193463,other,5.0,5

2015-11-27,328,19276138,other,4.5,2

2015-11-27,329,39326237,other,3.333,3

2015-11-27,330,17196493,other,3.75,4

2015-11-27,331,24182445,other,5.0,2

2015-11-27,332,13908287,Kellogg,4.788,33

2015-11-27,333,10818607,Kellogg,4.674,46

2015-11-27,334,33665090,other,0,0

2015-11-27,335,26712788,other,4.757,37

2015-11-27,336,15686396,other,5.0,3

2015-11-27,337,23597944,other,4.632,19

2015-11-27,338,31222371,other,5.0,1

2015-11-27,339,17196593,other,5.0,2

2015-11-27,340,10891815,other,4.677,31

2015-11-27,341,10314925,other,4.436,55

2015-11-27,342,17196559,other,0,0

2015-11-27,343,31222375,other,5.0,5

2015-11-27,344,10311279,other,4.706,17

2015-11-27,345,17193518,other,5.0,17

2015-11-27,346,15686398,other,5.0,1

2015-11-27,347,10292162,other,4.737,19

2015-11-27,348,31219557,other,4.0,3

2015-11-27,349,45912908,other,0,0

2015-11-27,350,26691075,other,5.0,4

2015-11-27,351,10313216,other,4.714,7

2015-11-27,352,29474088,other,4.0,1

2015-11-27,353,46330103,other,0,0

2015-11-27,354,10312440,other,3.912,57

2015-11-27,355,46534908,Kellogg,4.0,1

2015-11-27,356,29474008,other,5.0,1

2015-11-27,357,17193493,other,5.0,6

2015-11-27,358,17193432,other,0,0

2015-11-27,359,10311413,other,4.765,34

2015-11-27,360,17203445,other,4.353,17

2015-11-27,361,16779604,Post,5.0,7

2015-11-27,362,10314926,other,4.41,61

2015-11-27,363,41474805,other,0,0

2015-11-27,364,33628806,other,4.75,8

2015-11-27,365,10312441,other,3.611,90

2015-11-27,366,10312452,other,4.61,41

2015-11-27,367,17196545,other,0,0

2015-11-27,368,44923326,other,0,0

2015-11-27,369,23751966,other,4.543,1105

2015-11-27,370,33653005,other,5.0,3

2015-11-27,371,20970528,other,0,0

2015-11-27,372,23751964,other,4.561,41

2015-11-27,373,29473278,other,5.0,2

2015-11-27,374,31222385,other,4.667,3

2015-11-27,375,22389064,other,5.0,1

2015-11-27,376,10312443,other,4.786,28

2015-11-27,377,43710628,other,0,0

2015-11-27,378,17196522,other,0,0

2015-11-27,379,17193450,other,5.0,1

2015-11-27,380,26691079,other,0,0

2015-11-27,381,27617750,other,5.0,1

2015-11-27,382,17193506,other,0,0

2015-11-27,383,10312641,other,3.56,84

2015-11-27,384,17193476,other,0,0

2015-11-27,385,43710627,other,5.0,1

2015-11-27,386,29473282,other,0,0

2015-11-27,387,16785106,Post,5.0,2

2015-11-27,388,39083136,other,5.0,8

2015-11-27,389,19794416,Kellogg,4.667,9

2015-11-27,390,44923315,other,0,0

2015-11-27,391,46202976,Kashi,0,0

2015-11-27,392,39326211,other,0,0

2015-11-27,393,36741626,other,4.326,86

2015-11-27,394,26691076,other,0,0

2015-11-27,395,15077430,other,0,0

2015-11-27,396,46203002,other,0,0

2015-11-27,397,10312442,other,4.023,43

2015-11-27,398,17193564,other,5.0,1

2015-11-27,399,20897629,other,4.929,14

2015-11-27,400,29473272,other,5.0,1

2015-11-27,401,10789532,Kashi,0,0

2015-11-27,402,17193462,other,5.0,1

2015-11-27,403,37341973,Cheerios,5.0,10

2015-11-27,404,15686365,other,0,0

2015-11-27,405,10312453,other,4.75,40

2015-11-27,406,34334711,other,4.5,2

2015-11-27,407,15686395,other,1.0,1

2015-11-27,408,24491586,other,4.0,2

2015-11-27,409,39326180,other,3.667,3

2015-11-27,410,39083137,other,5.0,4

2015-11-27,411,17196546,other,5.0,1

2015-11-27,412,26691081,other,5.0,1

2015-11-27,413,17196549,other,5.0,1

2015-11-27,414,22388947,other,5.0,6

2015-11-27,415,45099799,other,0,0

2015-11-27,416,42351903,other,0,0

2015-11-27,417,15686397,Kellogg,0,0

2015-11-27,418,46534808,Kellogg,0,0

2015-11-27,419,36724059,other,4.25,4

2015-11-27,420,37003369,other,4.0,1

2015-11-27,421,36405020,other,5.0,1

2015-11-27,422,10818681,other,4.767,60

2015-11-27,423,10292117,other,4.95,20

2015-11-27,424,15686363,Cheerios,3.667,3

2015-11-27,425,29473274,other,4.5,2

2015-11-27,426,44002692,Post,5.0,3

2015-11-27,427,43937716,other,0,0

2015-11-27,428,28644588,Kashi,0,0

2015-11-27,429,29473269,other,0,0

2015-11-27,430,17196503,other,5.0,1

2015-11-27,431,35501167,Kashi,0,0

2015-11-27,432,10311416,other,4.625,16

2015-11-27,433,15686367,other,5.0,1

2015-11-27,434,39086034,other,0,0

2015-11-27,435,37587217,other,3.576,59

2015-11-27,436,36365088,other,0,0

2015-11-27,437,17193433,Kashi,0,0

2015-11-27,438,17193561,other,0,0

2015-11-27,439,13448659,other,3.755,49

2015-11-27,440,42353818,Kellogg,4.0,4

2015-11-27,441,10312472,other,4.533,30

2015-11-27,442,10312449,other,4.577,26

2015-11-27,443,44656711,Kellogg,0,0

2015-11-27,444,38364395,Cheerios,0,0

2015-11-27,445,17193654,other,0,0

2015-11-27,446,17193472,other,0,0

2015-11-27,447,45863570,Kellogg,0,0

2015-11-27,448,37532089,Kellogg,0,0

2015-11-27,449,44656710,Kellogg,0,0

2015-11-27,450,44656713,Kellogg,0,0

2015-11-27,451,23619862,other,5.0,9

2015-11-27,452,43852064,other,5.0,2

2015-11-27,453,41480898,other,4.0,2

2015-11-27,454,43710629,other,5.0,2

2015-11-27,455,46161566,other,0,0

2015-11-27,456,43343112,Kellogg,3.0,1

2015-11-27,457,39326238,other,0,0

2015-11-27,458,44656728,Kellogg,0,0

2015-11-27,459,17193557,other,0,0

2015-11-27,460,12443143,other,3.714,28

2015-11-27,461,33056707,other,4.673,55

2015-11-27,462,43710630,other,0,0

2015-11-27,463,10312645,other,3.98,98

2015-11-27,464,44656712,Kellogg,0,0

2015-11-27,465,46064310,other,4.75,4

2015-11-27,466,41474806,other,1.0,1

2015-11-27,467,27617752,other,5.0,5

2015-11-27,468,43924539,Kashi,0,0

2015-11-27,469,39326239,other,4.5,2

2015-11-27,470,17193491,other,5.0,1

2015-11-27,471,46203023,Kellogg,0,0

2015-11-27,472,44014060,other,0,0

2015-11-27,473,43710626,other,0,0

2015-11-27,474,10312438,other,4.109,192

2015-11-27,475,42864589,Post,0,0

2015-11-27,476,42864588,Post,3.667,3

2015-11-27,477,46161565,other,0,0

2015-11-27,478,19399978,other,5.0,3

2015-11-27,479,10451772,other,5.0,1

2015-11-27,480,10312480,other,4.328,61

2015-11-27,481,22389007,other,5.0,4

2015-11-27,482,41027877,other,4.0,3

2015-11-27,483,17196526,other,4.333,3

2015-11-27,484,44656720,Kellogg,0,0

2015-11-27,485,44110543,Kellogg,0,0

2015-11-27,486,38458541,other,0,0

2015-11-27,487,46161567,other,0,0

2015-11-27,488,45791905,other,0,0

2015-11-27,489,33964730,Kashi,0,0

2015-11-27,490,33056708,other,4.815,27

2015-11-27,491,37181768,other,0,0

2015-11-27,492,30979193,other,4.0,1

2015-11-27,493,43924743,Kellogg,0,0

2015-11-27,494,25847974,other,4.688,16

2015-11-27,495,43924504,Kellogg,0,0

2015-11-27,496,43924533,Kellogg,0,0

2015-11-27,497,17193459,other,5.0,3

2015-11-27,498,17193540,other,4.0,4

2015-11-27,499,19890856,Kellogg,4.8,5

2015-11-27,500,21090369,other,5.0,3

2015-11-27,501,44897623,other,0,0

2015-11-27,502,44897625,other,0,0

2015-11-27,503,43924746,Kellogg,0,0

2015-11-27,504,34296591,Kashi,0,0

2015-11-27,505,44013961,other,0,0

2015-11-27,506,47157543,other,0,0

2015-11-27,507,29473277,other,0,0

2015-11-27,508,34294844,other,0,0

2015-11-27,509,25875655,Kellogg,4.412,17

2015-11-27,510,36309669,other,0,0

2015-11-27,511,41027876,other,0,0

2015-11-27,512,36303616,other,0,0

2015-11-27,513,17196496,other,3.0,2

2015-11-27,514,10789545,Kellogg,4.588,34

2015-11-27,515,17193473,other,0,0

2015-11-27,516,27465109,other,4.586,70

2015-11-27,517,17283407,Kellogg,0,0

2015-11-27,518,44013962,other,0,0

2015-11-27,519,29474087,other,0,0

2015-11-27,520,41474802,other,0,0

2015-11-27,521,44897627,other,0,0

2015-11-27,522,46064311,other,0,0

2015-11-27,523,15935185,Kellogg,0,0

2015-11-27,524,29474089,other,0,0

2015-11-27,525,43924528,Kellogg,0,0

2015-11-27,526,31222387,other,0,0

2015-11-27,527,17193484,other,0,0

2015-11-27,528,42371553,other,0,0

2015-11-27,529,17196504,other,0,0

2015-11-27,530,39569653,other,0,0

2015-11-27,531,36348857,other,0,0

2015-11-27,532,22388953,other,4.714,7

2015-11-27,533,33665135,other,0,0

2015-11-27,534,17196548,other,0,0

2015-11-27,535,17196506,other,0,0

2015-11-27,536,21125856,other,4.353,17

2015-11-27,537,43924551,Kellogg,0,0

2015-11-27,538,28645922,other,0,0

2015-11-27,539,43924534,Kellogg,0,0

2015-11-27,540,17196505,other,0,0

2015-11-27,541,38458536,other,0,0

2015-11-27,542,17193613,other,0,0

2015-11-27,543,17193453,other,5.0,1

2015-11-27,544,31219558,other,0,0

2015-11-27,545,36527904,other,0,0

2015-11-27,546,17193553,other,0,0

2015-11-27,547,29473266,other,5.0,1

2015-11-27,548,17196498,other,0,0

2015-11-27,549,17193541,other,4.833,5

2015-11-27,550,17193563,other,5.0,1

2015-11-27,551,29473273,other,0,0

2015-11-27,552,22389171,other,4.5,2

2015-11-27,553,39326233,other,0,0

2015-11-27,554,17193452,other,0,0

2015-11-27,555,43924527,Kellogg,0,0

2015-11-27,556,17193486,other,4.539,13

2015-11-27,557,17193497,other,0,0

2015-11-27,558,44897628,other,0,0

2015-11-27,559,43924538,Kellogg,0,0

2015-11-27,560,17196502,other,0,0

2015-11-27,561,17196489,other,5.0,1

2015-11-27,562,28926816,other,0,0

2015-11-27,563,31219537,other,0,0

2015-11-27,564,46265099,other,0,0

2015-11-27,565,24534158,other,0,0

2015-11-27,566,46175186,other,0,0

2015-11-27,567,17193547,other,0,0

2015-11-27,568,33655402,other,0,0

2015-11-27,569,33665089,other,0,0

2015-11-27,570,14053206,Kellogg,0,0

2015-11-27,571,22001481,other,4.211,19

2015-11-27,572,39326240,other,0,0

2015-11-27,573,17196516,other,0,0

2015-11-27,574,17193549,other,0,0

2015-11-27,575,17193501,other,5.0,2

2015-11-27,576,44014739,other,0,0

2015-11-27,577,33665087,other,0,0

2015-11-27,578,46265205,Kashi,0,0

2015-11-27,579,17193644,other,4.8,5

2015-11-27,580,29473276,other,5.0,1

2015-11-27,581,47335466,other,0,0

2015-11-27,582,17196492,other,5.0,1

2015-11-27,583,29029235,other,4.091,11

2015-11-27,584,39326235,other,0,0

2015-11-27,585,17196520,other,0,0

2015-11-27,586,46064312,other,0,0

2015-11-27,587,47335206,other,0,0

2015-11-27,588,17196499,other,0,0

2015-11-27,589,31222373,other,0,0

2015-11-27,590,17196518,other,0,0

2015-11-27,591,47335202,other,0,0

2015-11-27,592,12443033,other,5.0,3

2015-11-27,593,47335199,other,0,0

2015-11-27,594,29473270,other,0,0

2015-11-27,595,47335458,other,0,0

2015-11-27,596,17193647,other,0,0

2015-11-27,597,47335201,other,0,0

2015-11-27,598,22572886,other,0,0

2015-11-27,599,46175192,other,0,0

2015-11-27,600,17193545,other,0,0

2015-11-27,601,38441458,other,0,0

2015-11-27,602,29474006,other,0,0

2015-11-27,603,43924529,Kellogg,0,0

2015-11-27,604,10291515,other,4.5,2

2015-11-27,605,17193475,other,0,0

2015-11-27,606,21125853,other,4.6,19

2015-11-27,607,17193456,other,4.75,4

2015-11-27,608,17193543,other,0,0

2015-11-27,609,32687275,other,0,0

2015-11-27,610,17196523,other,3.0,4

2015-11-27,611,37019031,other,4.429,7

2015-11-27,612,29303745,other,0,0

2015-11-27,613,24182561,other,0,0

2015-11-27,614,10311281,other,4.405,36

2015-11-27,615,21090108,other,0,0

2015-11-27,616,43437502,other,0,0

2015-11-27,617,43398466,other,0,0

2015-11-27,618,28646173,other,0,0

2015-11-27,619,35500693,Kashi,0,0

2015-11-27,620,22388976,other,5.0,4

2015-11-27,621,43473774,other,0,0

2015-11-27,622,43495635,other,0,0

2015-11-27,623,17193603,other,5.0,1

2015-11-27,624,46893124,other,0,0

2015-11-27,625,17196596,other,0,0

2015-11-27,626,17193556,other,0,0

2015-11-27,627,44013975,other,0,0

2015-11-27,628,41726249,other,4.369,157

2015-11-27,629,44014738,other,0,0

2015-11-27,630,44014444,other,0,0

2015-11-27,631,35176873,other,0,0

2015-11-27,632,17196560,other,0,0

2015-11-27,633,44923314,other,0,0

2015-11-27,634,17193496,other,0,0

2015-11-27,635,29231942,Kellogg,4.241,340

2015-11-27,636,30943781,other,0,0

2015-11-27,637,17193554,other,0,0

2015-11-27,638,34296344,other,0,0

2015-11-27,639,17196553,other,0,0

2015-11-27,640,33665085,other,0,0

2015-11-27,641,17196441,other,0,0

2015-11-27,642,29304417,other,0,0

2015-11-27,643,40926889,other,4.383,47

2015-11-27,644,39241733,other,0,0

2015-11-27,645,34202123,other,0,0

2015-11-27,646,37587216,other,4.6,15

2015-11-27,647,20970520,other,3.949,59

2015-11-27,648,45622222,other,4.667,3

2015-11-27,649,47754329,other,0,0

2015-11-27,650,47713361,other,0,0

2015-11-27,651,47508860,other,0,0

2015-11-27,652,47912869,other,0,0

2015-11-27,653,47906629,other,0,0

2015-11-27,654,23803902,other,4.381,42

2015-11-27,655,36305335,other,0,0

2015-11-27,656,31121629,other,0,0

2015-11-27,657,30915750,other,0,0

2015-11-27,658,17196430,other,5.0,1

2015-11-27,659,31050944,other,0,0

2015-11-27,660,29303853,other,0,0

2015-11-27,661,31006338,other,0,0

2015-11-27,662,31051831,other,0,0

2015-11-27,663,22388969,other,5.0,4

2015-11-27,664,28646555,other,0,0

2015-11-27,665,31054861,other,0,0

2015-11-27,666,45612375,other,0,0

2015-11-27,667,37643095,other,4.071,42

2015-11-27,668,38260445,other,4.26,50

2015-11-27,669,29473263,other,5.0,1

2015-11-27,670,17196594,other,0,0

2015-11-27,671,29303654,other,0,0

2015-11-27,672,25780675,other,0,0

2015-11-27,673,17196521,other,0,0

2015-11-27,674,45612376,other,0,0

2015-11-27,675,33665088,other,0,0

2015-11-27,676,25847966,other,4.917,12

2015-11-27,677,42743429,other,0,0

2015-11-27,678,31219543,other,0,0

2015-11-27,679,25519275,other,0,0

2015-11-27,680,25519289,other,0,0

2015-11-27,681,33652989,other,0,0

2015-11-27,682,29005135,other,0,0

2015-11-27,683,44897624,other,0,0

2015-11-27,684,24491588,other,4.667,3

2015-11-27,685,28646177,other,0,0

2015-11-27,686,40126507,other,0,0

2015-11-27,687,29892015,other,0,0

2015-11-27,688,17196458,other,4.0,3

2015-11-27,689,37643096,other,3.714,7

2015-11-27,690,28836577,other,0,0

2015-11-27,691,36312020,other,1.0,2

2015-11-27,692,28646228,other,0,0

2015-11-27,693,23803903,other,4.786,14

2015-11-27,694,30991774,other,0,0

2015-11-27,695,27734337,other,4.2,10

2015-11-27,696,30953217,other,0,0

2015-11-27,697,29070193,other,4.556,9

2015-11-27,698,44923319,other,0,0

2015-11-27,699,29304807,other,0,0

2015-11-27,700,10312450,other,4.056,18

2015-11-27,701,24225408,other,4.947,19

2015-11-27,702,26381257,other,0,0

2015-11-27,703,20746408,Kellogg,4.843,51

2015-11-27,704,28646197,other,0,0

2015-11-27,705,28646214,other,0,0

2015-11-27,706,31075970,other,0,0

2015-11-27,707,22388961,other,0,0

2015-11-27,708,34822756,other,0,0

2015-11-27,709,10318666,other,4.6,20

2015-11-27,710,29304634,other,0,0

2015-11-27,711,29303904,other,0,0

2015-11-27,712,28646227,other,0,0

2015-11-27,713,17193488,other,0,0

2015-11-27,714,45612377,other,0,0

2015-11-27,715,29304338,other,0,0

2015-11-27,716,17193449,other,5.0,1

2015-11-27,717,29304426,other,0,0

2015-11-27,718,30946235,other,0,0

2015-11-27,719,28646466,other,0,0

2015-11-27,720,40347965,other,0,0

2015-11-27,721,28644869,other,0,0

2015-11-27,722,28646318,other,0,0

2015-11-27,723,30993289,other,0,0

2015-11-27,724,28646342,other,0,0

2015-11-27,725,29474010,other,5.0,1

2015-11-27,726,29303668,other,0,0

2015-11-27,727,29304811,other,0,0

2015-11-27,728,28646107,other,0,0

2015-11-27,729,28926826,other,0,0

2015-11-27,730,34227716,other,0,0

2015-11-27,731,31019488,other,0,0

2015-11-27,732,17193596,other,0,0

2015-11-27,733,30998943,other,0,0

2015-11-27,734,10312451,other,3.5,18

2015-11-27,735,17193515,other,5.0,3

2015-11-27,736,17193594,other,4.1,10

2015-11-27,737,29473258,other,3.667,3

2015-11-27,738,23803904,other,4.25,8

2015-11-27,739,24225407,other,5.0,9

2015-11-27,740,22027234,other,5.0,1

2015-11-27,741,17196599,other,4.5,2

2015-11-27,742,27617748,other,4.056,18

2015-11-27,743,44923313,other,0,0

2015-11-27,744,17196570,other,5.0,1

2015-11-27,745,17196621,other,5.0,1

2015-11-27,746,43492863,other,5.0,1

2015-11-27,747,17193445,other,5.0,1

2015-11-27,748,14904287,other,4.091,11

2015-11-27,749,22365087,other,4.531,32

2015-11-27,750,17196462,other,0,0

2015-11-27,751,17193492,other,4.0,2

2015-11-27,752,23803898,other,4.286,7

2015-11-27,753,21064290,other,0,0

2015-11-27,754,29472954,other,3.5,18

2015-11-27,755,17193504,other,4.667,3

2015-11-27,756,41480897,other,4.482,27

2015-11-27,757,23803899,other,4.333,6

2015-11-27,758,10891772,Kashi,4.571,7

2015-11-27,759,17193520,other,4.7,10

2015-11-27,760,21651815,other,4.62,50

2015-11-27,761,17193605,Kashi,4.5,2

2015-11-27,762,17193552,other,4.667,3

2015-11-27,763,17193519,other,4.5,2

2015-11-27,764,17196615,other,0,0

2015-11-27,765,24225409,other,4.818,11

2015-11-27,766,34481848,other,4.385,13

2015-11-27,767,29070192,other,4.889,9

2015-11-27,768,21090101,other,0,0

2015-11-27,769,44656714,Kellogg,2.0,1

2015-11-27,770,17193489,Kashi,5.0,2

2015-11-27,771,17193487,other,1.0,1

2015-11-27,772,33655409,Kashi,0,0

2015-11-27,773,23803900,other,4.5,2

2015-11-27,774,29473259,other,5.0,2

2015-11-27,775,42353816,other,3.0,2

2015-11-27,776,39326198,other,5.0,1

2015-11-27,777,17193595,Kashi,0,0

2015-11-27,778,38763844,other,5.0,4

2015-11-27,779,30606988,other,4.29,31

2015-11-27,780,10318667,other,4.5,8

2015-11-27,781,19890850,Kellogg,4.833,18

2015-11-27,782,33669285,other,0,0

2015-11-27,783,33665093,other,0,0

2015-11-27,784,24083159,other,4.0,1

2015-11-27,785,10319632,Kashi,0,0

2015-11-27,786,10319582,Kashi,4.429,7

2015-11-27,787,38260487,other,5.0,10

2015-11-27,788,19898014,other,5.0,4

2015-11-27,789,29303841,other,0,0

2015-11-27,790,24446956,other,0,0

2015-11-27,791,38587408,other,4.857,7

2015-11-27,792,30606987,other,4.519,27

2015-11-27,793,29304186,other,5.0,3

2015-11-27,794,42218236,Kellogg,3.0,1

2015-11-27,795,46771749,Kashi,0,0

2015-11-27,796,33669275,other,0,0

2015-11-27,797,31219562,other,0,0

2015-11-27,798,17208774,other,5.0,1

2015-11-27,799,22365238,other,4.333,30

2015-11-27,800,17193560,other,4.0,1

2015-11-27,801,22388998,other,5.0,4

2015-11-27,802,24491585,other,3.5,2

2015-11-27,803,34334684,other,5.0,1

2015-11-27,804,10898868,Kellogg,4.5,24

2015-11-27,805,45099798,other,0,0

2015-11-27,806,17193514,other,0,0

2015-11-27,807,38260434,other,0,0

2015-11-27,808,17196429,other,5.0,3

2015-11-27,809,43492832,other,0,0

2015-11-27,810,33653001,other,5.0,1

2015-11-27,811,10319581,Kashi,3.625,8

2015-11-27,812,46265090,other,0,0

2015-11-27,813,46771748,Kashi,0,0

2015-11-27,814,14053351,other,4.333,3

2015-11-27,815,33963475,other,5.0,1

2015-11-27,816,14118808,other,4.133,60

2015-11-27,817,45099792,other,0,0

2015-11-27,818,29473340,other,0,0

2015-11-27,819,16940598,other,4.158,303

2015-11-27,820,44897633,other,0,0

2015-11-27,821,38260433,other,4.0,1

2015-11-27,822,17193481,other,5.0,2

2015-11-27,823,44886121,other,0,0

2015-11-27,824,24297501,other,0,0

2015-11-27,825,10311584,Cheerios,4.556,18

2015-11-27,826,22066515,other,4.625,16

2015-11-27,827,44923316,other,0,0

2015-11-27,828,21467395,other,5.0,2

2015-11-27,829,23803901,other,4.429,7

2015-11-27,830,44897724,other,0,0

2015-11-27,831,21651817,other,5.0,3

2015-11-27,832,29473255,other,0,0

2015-11-27,833,45099790,other,0,0

2015-11-27,834,43492831,other,0,0

2015-11-27,835,44013969,other,0,0

2015-11-27,836,44013974,other,0,0

2015-11-27,837,31219550,other,5.0,1

2015-11-27,838,17196597,other,5.0,1

2015-11-27,839,17193538,other,5.0,1

2015-11-27,840,44014331,other,0,0

2015-11-27,841,15556144,other,0,0

2015-11-27,842,35177078,other,0,0

2015-11-27,843,17196620,other,5.0,1

2015-11-27,844,46633447,Kellogg,0,0

2015-11-27,845,17196598,other,5.0,1

2015-11-27,846,37003367,other,5.0,1

2015-11-27,847,45453321,other,0,0

2015-11-27,848,27734338,other,4.75,8

2015-11-27,849,17193537,other,4.5,2

2015-11-27,850,33652998,other,3.76,50

2015-11-27,851,33652993,other,4.357,14

2015-11-27,852,17196600,other,0,0

2015-11-27,853,33665117,other,0,0

2015-11-27,854,40901723,other,0,0

2015-11-27,855,24491496,other,0,0

2015-11-27,856,40901725,other,0,0

2015-11-27,857,29473264,other,0,0

2015-11-27,858,17193451,other,0,0

2015-11-27,859,17196622,other,3.0,2

2015-11-27,860,21090086,other,0,0

2015-11-27,861,46175188,other,0,0

2015-11-27,862,41480899,other,0,0

2015-11-27,863,21090104,other,0,0

2015-11-27,864,47335563,other,0,0

2015-11-27,865,14651641,other,4.391,23

2015-11-27,866,35177097,other,0,0

2015-11-27,867,46868449,other,0,0

2015-11-27,868,23803895,other,4.846,13

2015-11-27,869,17196575,other,0,0

2015-11-27,870,10789585,Kellogg,4.5,106

2015-11-27,871,39569655,other,0,0

2015-11-27,872,17196586,other,5.0,2

2015-11-27,873,21090085,other,5.0,1

2015-11-27,874,17196455,other,3.0,2

2015-11-27,875,36128395,other,4.286,7

2015-11-27,876,42371381,other,0,0

2015-11-27,877,27672360,other,0,0

2015-11-27,878,17196448,other,0,0

2015-11-27,879,17196584,other,5.0,1

2015-11-27,880,17196479,other,0,0

2015-11-27,881,17196573,other,0,0

2015-11-27,882,40901724,other,0,0

2015-11-27,883,17196571,other,5.0,2

2015-11-27,884,33665102,other,0,0

2015-11-27,885,21090283,other,0,0

2015-11-27,886,17196614,other,5.0,1

2015-11-27,887,41048702,other,0,0

2015-11-27,888,17196616,other,5.0,1

2015-11-27,889,42371386,other,0,0

2015-11-27,890,31222384,other,0,0

2015-11-27,891,17193513,other,0,0

2015-11-27,892,29473339,other,0,0

2015-11-27,893,46265052,other,0,0

2015-11-27,894,27465110,other,0,0

2015-11-27,895,17196484,other,0,0

2015-11-27,896,31222388,other,0,0

2015-11-27,897,33653006,other,0,0

2015-11-27,898,17196572,other,0,0

2015-11-27,899,17196605,other,5.0,2

2015-11-27,900,44014669,other,0,0

2015-11-27,901,44014390,other,0,0

2015-11-27,902,20897623,other,5.0,2

2015-11-27,903,33665099,other,0,0

2015-11-27,904,47335377,other,0,0

2015-11-27,905,17193466,other,0,0

2015-11-27,906,33652983,other,0,0

2015-11-27,907,17196461,other,0,0

2015-11-27,908,47335365,other,0,0

2015-11-27,909,44680629,other,0,0

2015-11-27,910,47335574,other,0,0

2015-11-27,911,46265053,other,0,0

2015-11-27,912,37761293,other,5.0,2

2015-11-27,913,25847930,other,4.837,49

2015-11-27,914,16504555,other,4.394,33

2015-11-27,915,23803896,other,5.0,2

2015-11-27,916,21090070,other,0,0

2015-11-27,917,21090595,other,0,0

2015-11-27,918,21091546,other,5.0,1

2015-11-27,919,21090103,other,0,0

2015-11-27,920,17193568,other,0,0

2015-11-27,921,21090592,other,0,0

2015-11-27,922,47335564,other,0,0

2015-11-27,923,21091548,other,0,0

2015-11-27,924,44014670,other,5.0,1

2015-11-27,925,23803897,other,5.0,4

2015-11-27,926,44014391,other,0,0

2015-11-27,927,22572884,other,0,0

2015-11-27,928,10449116,Kellogg,4.4,15

2015-11-27,929,17196424,other,0,0

2015-11-27,930,17196463,other,0,0

2015-11-27,931,10818648,Kellogg,4.493,67

2015-11-27,932,41048759,other,5.0,1

2015-11-27,933,16935723,other,4.472,106

2015-11-27,934,10294889,other,4.625,8

2015-11-27,935,44013972,other,0,0

2015-11-27,936,36483294,other,0,0

2015-11-27,937,22001573,other,4.667,3

2015-11-27,938,17196464,other,0,0

2015-11-27,939,46175193,other,0,0

2015-11-27,940,41048704,other,3.667,3

2015-11-27,941,23788432,other,5.0,3

2015-11-27,942,46175187,other,0,0

2015-11-27,943,35177076,other,0,0

2015-11-27,944,36483296,other,0,0

2015-11-27,945,21091542,other,0,0

2015-11-27,946,14651640,other,4.2,5

2015-11-27,947,17196483,other,0,0

2015-11-27,948,47335575,other,0,0

2015-11-27,949,44014330,other,0,0

2015-11-27,950,44460102,other,0,0

2015-11-27,951,21091541,other,3.333,3

2015-11-27,952,21090979,other,0,0

2015-11-27,953,36706814,other,5.0,1

2015-11-27,954,16504556,other,4.76,25

2015-11-27,955,14574656,other,0,0

2015-11-27,956,47335302,other,0,0

2015-11-27,957,47335300,other,0,0

2015-11-27,958,10789584,Kellogg,4.455,55

2015-11-27,959,17196481,other,0,0

2015-11-27,960,17193597,other,5.0,1

2015-11-27,961,46175993,other,0,0

2015-11-27,962,43924541,Kellogg,0,0

2015-11-27,963,17196482,other,0,0

2015-11-27,964,22012985,other,4.5,4

2015-11-27,965,47335625,other,0,0

2015-11-27,966,47335622,other,0,0

2015-11-27,967,47335565,other,0,0

2015-11-27,968,47369913,other,0,0

2015-11-27,969,47335626,other,0,0

2015-11-27,970,47335585,other,0,0

2015-11-27,971,47335362,other,0,0

2015-11-27,972,47335369,other,0,0

2015-11-27,973,31219555,other,0,0

2015-11-27,974,46265147,other,0,0

2015-11-27,975,46265150,other,0,0

2015-11-27,976,10294887,other,4.769,13

2015-11-27,977,46265148,other,0,0

2015-11-27,978,46265067,other,0,0

2015-11-27,979,46271056,other,0,0

2015-11-27,980,40901732,other,0,0

2015-11-27,981,10294890,other,4.667,6

2015-11-27,982,40901726,other,0,0

2015-11-27,983,17196606,other,0,0

2015-11-27,984,17193639,other,0,0

2015-11-27,985,10891757,Kellogg,4.533,45

2015-11-27,986,36483293,other,0,0

2015-11-27,987,10789582,Kellogg,4.597,62

2015-11-27,988,46271160,other,0,0

2015-11-27,989,31219534,other,0,0

2015-11-27,990,42737291,other,0,0

2015-11-27,991,38759440,other,0,0

2015-11-27,992,10315165,other,4.508,61

2015-11-27,993,42709978,other,0,0

2015-11-27,994,42751066,other,0,0

2015-11-27,995,42755309,other,0,0

2015-11-27,996,44014679,other,0,0

2015-11-27,997,33056711,other,5.0,2

2015-11-27,998,44014675,other,0,0

2015-11-27,999,44014678,other,0,0

2015-11-27,1000,44014681,other,0,0

2015-11-28,1,25847978,Cheerios,4.826,201

2015-11-28,2,25875664,Kellogg,4.704,115

2015-11-28,3,34164100,Post,4.818,44

2015-11-28,4,25847977,other,4.735,34

2015-11-28,5,10315424,other,4.606,71

2015-11-28,6,34201711,other,4.579,19

2015-11-28,7,25875665,Kellogg,4.935,46

2015-11-28,8,25847972,other,4.757,102

2015-11-28,9,25875663,Kellogg,4.767,60

2015-11-28,10,17179326,other,4.288,59

2015-11-28,11,10818684,Kellogg,4.862,58

2015-11-28,12,19757533,Kellogg,4.71,31

2015-11-28,13,10818609,Kellogg,4.674,46

2015-11-28,14,11303903,other,3.303,33

2015-11-28,15,15716906,Post,0,0

2015-11-28,16,16923604,other,4.5,14

2015-11-28,17,34536008,other,4.658,111

2015-11-28,18,25847976,other,4.353,17

2015-11-28,19,33886599,Cheerios,4.727,44

2015-11-28,20,34201712,other,4.083,12

2015-11-28,21,10891821,other,4.647,51

2015-11-28,22,10891818,other,4.767,60

2015-11-28,23,24984274,Kellogg,4.884,45

2015-11-28,24,33886600,other,3.727,11

2015-11-28,25,15611121,Post,4.932,44

2015-11-28,26,10311411,other,4.792,24

2015-11-28,27,38384605,Cheerios,4.813,16

2015-11-28,28,10313244,other,4.889,36

2015-11-28,29,20648084,Post,4.318,22

2015-11-28,30,10818617,Kellogg,4.737,19

2015-11-28,31,33886601,other,4.273,11

2015-11-28,32,10804495,other,4.536,28

2015-11-28,33,34201710,Cheerios,4.857,14

2015-11-28,34,10311409,Cheerios,4.826,201

2015-11-28,35,33426024,Cheerios,5.0,4

2015-11-28,36,10315966,other,4.355,31

2015-11-28,37,10292154,other,4.696,23

2015-11-28,38,21063109,Kellogg,4.659,44

2015-11-28,39,19890855,Kellogg,4.704,115

2015-11-28,40,19514902,other,4.519,54

2015-11-28,41,15611122,Post,5.0,21

2015-11-28,42,10311410,Cheerios,4.837,184

2015-11-28,43,24984281,Kellogg,4.789,52

2015-11-28,44,23984405,other,3.667,6

2015-11-28,45,12329730,other,4.333,60

2015-11-28,46,10294604,other,4.885,26

2015-11-28,47,16923611,other,4.667,6

2015-11-28,48,17179322,other,4.25,28

2015-11-28,49,10450280,other,4.539,13

2015-11-28,50,16923602,other,4.462,13

2015-11-28,51,10818613,Kellogg,4.772,123

2015-11-28,52,10315967,other,4.429,14

2015-11-28,53,19766250,other,4.467,15

2015-11-28,54,10311273,other,4.76,25

2015-11-28,55,26384671,Kellogg,4.8,20

2015-11-28,56,10411377,other,4.757,102

2015-11-28,57,21048475,other,4.917,24

2015-11-28,58,10450112,other,4.6,15

2015-11-28,59,36915387,other,4.5,10

2015-11-28,60,32286719,other,4.438,32

2015-11-28,61,38227253,other,5.0,7

2015-11-28,62,24984273,Kellogg,4.844,32

2015-11-28,63,10311422,Cheerios,4.448,29

2015-11-28,64,24984278,Kellogg,4.775,80

2015-11-28,65,10804531,other,4.706,34

2015-11-28,66,10450277,other,4.833,6

2015-11-28,67,13399215,other,3.95,60

2015-11-28,68,10450278,other,4.75,16

2015-11-28,69,45099803,other,0,0

2015-11-28,70,15716903,Post,4.846,13

2015-11-28,71,10311420,other,4.667,15

2015-11-28,72,34536023,other,3.91,134

2015-11-28,73,10450279,other,4.415,41

2015-11-28,74,36901935,other,4.167,12

2015-11-28,75,10319631,Kashi,4.286,7

2015-11-28,76,10403208,other,4.824,17

2015-11-28,77,39326219,Kellogg,4.694,115

2015-11-28,78,24984277,Kellogg,4.819,94

2015-11-28,79,20970530,other,4.0,2

2015-11-28,80,10311280,other,4.68,25

2015-11-28,81,33426025,Cheerios,4.6,30

2015-11-28,82,21633494,Kashi,0,0

2015-11-28,83,15716901,other,4.783,23

2015-11-28,84,10311398,other,4.735,49

2015-11-28,85,17203444,other,4.6,15

2015-11-28,86,16923606,other,3.613,62

2015-11-28,87,20970523,other,4.182,73

2015-11-28,88,38498749,other,0,0

2015-11-28,89,10813984,other,4.586,70

2015-11-28,90,10311271,other,4.706,17

2015-11-28,91,36915386,other,5.0,1

2015-11-28,92,10294606,other,5.0,10

2015-11-28,93,34536022,other,4.186,59

2015-11-28,94,37402338,other,4.389,18

2015-11-28,95,10292938,other,4.867,15

2015-11-28,96,45099791,other,5.0,1

2015-11-28,97,15716905,Post,4.857,35

2015-11-28,98,21125860,other,0,0

2015-11-28,99,17203448,other,4.757,102

2015-11-28,100,25847989,Cheerios,4.375,40

2015-11-28,101,23597638,Cheerios,5.0,9

2015-11-28,102,37402337,other,4.7,10

2015-11-28,103,10818686,other,4.778,9

2015-11-28,104,10294607,other,4.647,17

2015-11-28,105,25819603,Kellogg,4.241,54

2015-11-28,106,42353810,Kellogg,4.882,17

2015-11-28,107,10813983,other,3.667,3

2015-11-28,108,37413555,Kellogg,0,0

2015-11-28,109,37341974,other,4.546,11

2015-11-28,110,21125846,other,4.857,14

2015-11-28,111,36304314,other,0,0

2015-11-28,112,21002371,Kashi,4.882,17

2015-11-28,113,37402339,other,4.889,9

2015-11-28,114,10818631,other,4.897,29

2015-11-28,115,10789542,other,4.542,24

2015-11-28,116,21208469,Kashi,4.875,16

2015-11-28,117,43924526,Kellogg,5.0,1

2015-11-28,118,21106275,Kashi,4.0,8

2015-11-28,119,27617757,other,4.878,90

2015-11-28,120,19399977,other,5.0,1

2015-11-28,121,43343112,Kellogg,3.0,1

2015-11-28,122,10789543,other,4.388,49

2015-11-28,123,42353809,Kellogg,4.8,35

2015-11-28,124,22356629,other,4.667,84

2015-11-28,125,22863013,Kashi,4.539,13

2015-11-28,126,42351902,other,0,0

2015-11-28,127,44656717,Kellogg,0,0

2015-11-28,128,15413608,other,4.667,6

2015-11-28,129,25596741,Kellogg,4.963,27

2015-11-28,130,20923795,other,4.7,20

2015-11-28,131,21096170,Kellogg,4.952,21

2015-11-28,132,20469703,other,4.318,22

2015-11-28,133,36348034,other,5.0,2

2015-11-28,134,24722541,Kellogg,4.759,112

2015-11-28,135,10315964,other,4.8,10

2015-11-28,136,33886602,other,4.5,18

2015-11-28,137,10818615,other,4.783,23

2015-11-28,138,40617013,Cheerios,4.744,39

2015-11-28,139,16785105,Post,5.0,6

2015-11-28,140,11303913,other,4.1,10

2015-11-28,141,23597945,other,4.8,10

2015-11-28,142,35044567,Post,4.692,13

2015-11-28,143,10292151,other,4.561,41

2015-11-28,144,23984404,other,4.765,34

2015-11-28,145,15716908,Post,5.0,9

2015-11-28,146,10402735,other,4.879,33

2015-11-28,147,41474804,other,4.563,32

2015-11-28,148,14869856,other,4.636,11

2015-11-28,149,12329729,other,4.717,106

2015-11-28,150,24984279,Kellogg,4.846,13

2015-11-28,151,10891840,other,4.875,16

2015-11-28,152,36348035,Cheerios,4.28,25

2015-11-28,153,16785100,other,4.8,15

2015-11-28,154,16785099,other,5.0,13

2015-11-28,155,22210561,other,4.75,16

2015-11-28,156,36348028,Cheerios,4.636,22

2015-11-28,157,14869857,other,4.765,17

2015-11-28,158,17208751,Cheerios,4.837,184

2015-11-28,159,11046710,Cheerios,4.759,29

2015-11-28,160,15716902,Post,4.45,20

2015-11-28,161,32286721,other,4.273,11

2015-11-28,162,10321405,other,4.863,51

2015-11-28,163,10891816,other,4.677,31

2015-11-28,164,14651639,Cheerios,4.6,30

2015-11-28,165,10311414,other,4.757,102

2015-11-28,166,15611120,other,4.682,22

2015-11-28,167,10311402,other,4.417,12

2015-11-28,168,24984276,Kellogg,4.82,49

2015-11-28,169,26712789,other,4.708,65

2015-11-28,170,19794417,Kellogg,4.615,13

2015-11-28,171,20976607,Kashi,4.583,12

2015-11-28,172,28468230,other,4.0,9

2015-11-28,173,33785035,other,4.727,11

2015-11-28,174,10292149,other,4.548,31

2015-11-28,175,19514900,other,4.75,8

2015-11-28,176,20648085,Post,4.143,7

2015-11-28,177,21476104,Kashi,4.813,16

2015-11-28,178,21081221,other,4.304,23

2015-11-28,179,33887105,Kellogg,4.716,102

2015-11-28,180,21092537,other,4.688,64

2015-11-28,181,11964845,other,4.25,8

2015-11-28,182,42353807,Kellogg,4.412,17

2015-11-28,183,21265991,Post,4.941,17

2015-11-28,184,10789576,other,4.785,65

2015-11-28,185,33886603,Cheerios,4.765,17

2015-11-28,186,34481845,other,5.0,3

2015-11-28,187,39881660,Cheerios,4.75,8

2015-11-28,188,26691074,other,4.4,10

2015-11-28,189,34202125,other,4.333,6

2015-11-28,190,16785102,Post,5.0,11

2015-11-28,191,21268885,Kashi,4.947,19

2015-11-28,192,10311405,Cheerios,4.385,13

2015-11-28,193,24984275,Kellogg,4.758,91

2015-11-28,194,22257607,Kashi,4.909,11

2015-11-28,195,16785098,Post,5.0,15

2015-11-28,196,16785103,Post,5.0,2

2015-11-28,197,34334718,other,4.909,11

2015-11-28,198,21125854,other,4.636,11

2015-11-28,199,16779602,other,4.375,8

2015-11-28,200,21978523,other,4.438,89

2015-11-28,201,16923607,other,4.625,24

2015-11-28,202,24984280,Kellogg,4.643,28

2015-11-28,203,34536026,other,3.786,14

2015-11-28,204,10402740,other,4.765,17

2015-11-28,205,22389074,other,4.8,5

2015-11-28,206,21467403,other,4.4,5

2015-11-28,207,10789577,other,4.862,58

2015-11-28,208,21467406,Cheerios,4.857,14

2015-11-28,209,32286720,Post,4.938,16

2015-11-28,210,21125847,other,4.793,58

2015-11-28,211,42353817,Kellogg,3.889,9

2015-11-28,212,20970529,other,0,0

2015-11-28,213,17193617,Kashi,5.0,1

2015-11-28,214,11964755,Kellogg,2.0,1

2015-11-28,215,10403207,other,4.143,14

2015-11-28,216,17057014,Post,4.875,8

2015-11-28,217,22356624,Kellogg,4.813,251

2015-11-28,218,33887106,Kellogg,4.692,13

2015-11-28,219,10818612,other,4.806,108

2015-11-28,220,10813378,Cheerios,4.833,18

2015-11-28,221,21268939,other,4.579,19

2015-11-28,222,36267570,other,0,0

2015-11-28,223,21063108,Kellogg,4.704,115

2015-11-28,224,17057016,Post,4.75,8

2015-11-28,225,16923608,other,4.8,20

2015-11-28,226,25875655,Kellogg,4.412,17

2015-11-28,227,16779603,Post,5.0,7

2015-11-28,228,10311404,other,4.706,17

2015-11-28,229,22356626,Kellogg,4.636,11

2015-11-28,230,42353811,Kellogg,4.857,7

2015-11-28,231,10818687,other,4.604,48

2015-11-28,232,36902154,other,0,0

2015-11-28,233,19757534,Kellogg,4.583,24

2015-11-28,234,10818679,other,4.462,13

2015-11-28,235,10311403,other,4.765,34

2015-11-28,236,33628805,other,4.5,10

2015-11-28,237,21174196,Kashi,4.059,17

2015-11-28,238,17196456,other,4.546,11

2015-11-28,239,16785097,other,5.0,6

2015-11-28,240,44656716,Kashi,5.0,1

2015-11-28,241,33963466,Kellogg,4.563,16

2015-11-28,242,17196562,other,4.533,15

2015-11-28,243,10311408,Cheerios,4.727,44

2015-11-28,244,17193435,other,3.667,3

2015-11-28,245,33412364,Post,4.9,10

2015-11-28,246,10312439,other,4.218,284

2015-11-28,247,19757536,Kellogg,4.273,11

2015-11-28,248,33856197,other,4.111,9

2015-11-28,249,16923610,other,4.875,8

2015-11-28,250,17203443,other,4.909,11

2015-11-28,251,17193483,other,4.75,4

2015-11-28,252,11047243,other,3.4,5

2015-11-28,253,22365078,Cheerios,4.375,40

2015-11-28,254,44656718,Kashi,5.0,1

2015-11-28,255,15716904,other,5.0,2

2015-11-28,256,19477122,Post,4.5,4

2015-11-28,257,10315423,other,4.111,18

2015-11-28,258,45099805,other,0,0

2015-11-28,259,10311506,other,4.625,16

2015-11-28,260,10818689,other,5.0,3

2015-11-28,261,10818608,Kellogg,4.674,46

2015-11-28,262,10311277,Cheerios,4.826,201

2015-11-28,263,21009168,other,4.25,12

2015-11-28,264,10311275,other,4.636,11

2015-11-28,265,26691078,other,0,0

2015-11-28,266,33963474,other,4.375,8

2015-11-28,267,21096172,Kellogg,4.75,4

2015-11-28,268,10450276,other,4.9,10

2015-11-28,269,22210562,other,5.0,2

2015-11-28,270,10818643,other,4.722,18

2015-11-28,271,19890854,other,4.872,86

2015-11-28,272,25875660,Kellogg,4.712,73

2015-11-28,273,17196564,other,5.0,1

2015-11-28,274,20970524,other,4.4,10

2015-11-28,275,35824692,other,4.444,9

2015-11-28,276,39326203,other,5.0,1

2015-11-28,277,14711224,other,4.727,11

2015-11-28,278,34188831,Post,4.727,11

2015-11-28,279,28468231,other,4.586,70

2015-11-28,280,17193460,other,4.429,7

2015-11-28,281,22572887,other,3.667,3

2015-11-28,282,19757535,Kellogg,4.6,5

2015-11-28,283,26691080,other,4.556,9

2015-11-28,284,21125844,other,4.735,34

2015-11-28,285,21092536,Kellogg,4.694,115

2015-11-28,286,10891820,other,4.647,51

2015-11-28,287,22388956,other,4.8,5

2015-11-28,288,10402734,other,4.25,8

2015-11-28,289,15686364,Cheerios,3.667,3

2015-11-28,290,25875654,Kellogg,4.571,7

2015-11-28,291,21009169,Kellogg,4.929,14

2015-11-28,292,17196563,other,4.8,5

2015-11-28,293,10311274,other,4.579,19

2015-11-28,294,17196541,other,0,0

2015-11-28,295,10818682,other,4.647,51

2015-11-28,296,25847983,other,4.083,12

2015-11-28,297,10898865,Kellogg,4.909,11

2015-11-28,298,17193606,other,4.667,3

2015-11-28,299,37586843,other,0,0

2015-11-28,300,21633495,Kashi,0,0

2015-11-28,301,22356628,Kellogg,4.3,10

2015-11-28,302,10292116,other,4.649,37

2015-11-28,303,35044566,Post,4.667,6

2015-11-28,304,44981920,other,5.0,4

2015-11-28,305,17196457,other,4.0,9

2015-11-28,306,10311397,other,4.579,19

2015-11-28,307,21125842,other,4.793,58

2015-11-28,308,26135216,other,4.0,1

2015-11-28,309,45709515,other,5.0,2

2015-11-28,310,20970526,other,5.0,3

2015-11-28,311,41474801,other,4.448,29

2015-11-28,312,45912909,other,0,0

2015-11-28,313,10292954,other,0,0

2015-11-28,314,10818680,other,4.677,31

2015-11-28,315,45099788,other,0,0

2015-11-28,316,10311276,other,5.0,3

2015-11-28,317,41474803,Cheerios,4.405,37

2015-11-28,318,10813379,other,4.875,16

2015-11-28,319,10311415,other,4.654,26

2015-11-28,320,10891773,Kashi,4.364,11

2015-11-28,321,17193480,other,4.4,4

2015-11-28,322,17196493,other,3.75,4

2015-11-28,323,17193463,other,5.0,5

2015-11-28,324,19276138,other,4.5,2

2015-11-28,325,44656729,Kellogg,4.5,2

2015-11-28,326,10818607,Kellogg,4.674,46

2015-11-28,327,26712788,other,4.757,37

2015-11-28,328,38354161,other,4.0,1

2015-11-28,329,24182445,other,5.0,2

2015-11-28,330,13908287,Kellogg,4.788,33

2015-11-28,331,15686396,other,5.0,3

2015-11-28,332,39326237,other,3.333,3

2015-11-28,333,23597944,other,4.632,19

2015-11-28,334,33665090,other,0,0

2015-11-28,335,10891815,other,4.677,31

2015-11-28,336,17196593,other,5.0,2

2015-11-28,337,17196559,other,0,0

2015-11-28,338,10314925,other,4.436,55

2015-11-28,339,31222371,other,5.0,1

2015-11-28,340,10292117,other,4.95,20

2015-11-28,341,31222375,other,5.0,5

2015-11-28,342,10311279,other,4.706,17

2015-11-28,343,15686398,other,5.0,1

2015-11-28,344,17193518,other,5.0,17

2015-11-28,345,10292162,other,4.737,19

2015-11-28,346,45912908,other,0,0

2015-11-28,347,31219557,other,4.0,3

2015-11-28,348,29474088,other,4.0,1

2015-11-28,349,29474008,other,5.0,1

2015-11-28,350,46534908,Kellogg,4.0,1

2015-11-28,351,26691075,other,5.0,4

2015-11-28,352,10312440,other,3.912,57

2015-11-28,353,10313216,other,4.714,7

2015-11-28,354,46330103,other,0,0

2015-11-28,355,17193493,other,5.0,6

2015-11-28,356,17193432,other,0,0

2015-11-28,357,10311413,other,4.765,34

2015-11-28,358,10314926,other,4.41,61

2015-11-28,359,16779604,Post,5.0,7

2015-11-28,360,41474805,other,0,0

2015-11-28,361,33628806,other,4.75,8

2015-11-28,362,10312441,other,3.611,90

2015-11-28,363,17196545,other,0,0

2015-11-28,364,10312452,other,4.61,41

2015-11-28,365,23751966,other,4.543,1105

2015-11-28,366,33653005,other,5.0,3

2015-11-28,367,20970528,other,0,0

2015-11-28,368,23751964,other,4.561,41

2015-11-28,369,44923326,other,0,0

2015-11-28,370,29473278,other,5.0,2

2015-11-28,371,22389064,other,5.0,1

2015-11-28,372,10311278,other,4.353,17

2015-11-28,373,17196522,other,0,0

2015-11-28,374,10312443,other,4.786,28

2015-11-28,375,31222385,other,4.667,3

2015-11-28,376,43710628,other,0,0

2015-11-28,377,17193450,other,5.0,1

2015-11-28,378,26691079,other,0,0

2015-11-28,379,27617750,other,5.0,1

2015-11-28,380,19514899,other,0,0

2015-11-28,381,17193506,other,0,0

2015-11-28,382,16785106,Post,5.0,2

2015-11-28,383,10312641,other,3.56,84

2015-11-28,384,43710627,other,5.0,1

2015-11-28,385,17193476,other,0,0

2015-11-28,386,29473282,other,0,0

2015-11-28,387,19794416,Kellogg,4.667,9

2015-11-28,388,36741626,other,4.326,86

2015-11-28,389,43924537,Kashi,0,0

2015-11-28,390,26691076,other,0,0

2015-11-28,391,15077430,other,0,0

2015-11-28,392,44923315,other,0,0

2015-11-28,393,10312442,other,4.023,43

2015-11-28,394,46203002,other,0,0

2015-11-28,395,20897629,other,4.929,14

2015-11-28,396,29473272,other,5.0,1

2015-11-28,397,17193564,other,5.0,1

2015-11-28,398,17193462,other,5.0,1

2015-11-28,399,10789532,Kashi,0,0

2015-11-28,400,10312453,other,4.75,40

2015-11-28,401,37341973,Cheerios,5.0,10

2015-11-28,402,15686365,other,0,0

2015-11-28,403,34334711,other,4.5,2

2015-11-28,404,39326180,other,3.667,3

2015-11-28,405,17196549,other,5.0,1

2015-11-28,406,15686395,other,1.0,1

2015-11-28,407,22388947,other,5.0,6

2015-11-28,408,26691081,other,5.0,1

2015-11-28,409,17196546,other,5.0,1

2015-11-28,410,39083137,other,5.0,4

2015-11-28,411,24491586,other,4.0,2

2015-11-28,412,42351903,other,0,0

2015-11-28,413,15686397,Kellogg,0,0

2015-11-28,414,36724059,other,4.25,4

2015-11-28,415,46534808,Kellogg,0,0

2015-11-28,416,10818681,other,4.767,60

2015-11-28,417,15686363,Cheerios,3.667,3

2015-11-28,418,36405020,other,5.0,1

2015-11-28,419,29473274,other,4.5,2

2015-11-28,420,28644588,Kashi,0,0

2015-11-28,421,44002692,Post,5.0,3

2015-11-28,422,35501167,Kashi,0,0

2015-11-28,423,43937716,other,0,0

2015-11-28,424,10311416,other,4.625,16

2015-11-28,425,17196503,other,5.0,1

2015-11-28,426,29473269,other,0,0

2015-11-28,427,15686367,other,5.0,1

2015-11-28,428,37587217,other,3.576,59

2015-11-28,429,17193433,Kashi,0,0

2015-11-28,430,13448659,other,3.755,49

2015-11-28,431,10312472,other,4.533,30

2015-11-28,432,17193472,other,0,0

2015-11-28,433,45863570,Kellogg,0,0

2015-11-28,434,17193561,other,0,0

2015-11-28,435,37003369,other,4.0,1

2015-11-28,436,38364395,Cheerios,0,0

2015-11-28,437,42353818,Kellogg,4.0,4

2015-11-28,438,44656711,Kellogg,0,0

2015-11-28,439,10312449,other,4.577,26

2015-11-28,440,17193654,other,0,0

2015-11-28,441,44656710,Kellogg,0,0

2015-11-28,442,37532089,Kellogg,0,0

2015-11-28,443,23619862,other,5.0,9

2015-11-28,444,44656713,Kellogg,0,0

2015-11-28,445,43852064,other,5.0,2

2015-11-28,446,43710629,other,5.0,2

2015-11-28,447,46161566,other,0,0

2015-11-28,448,39326238,other,0,0

2015-11-28,449,44656728,Kellogg,0,0

2015-11-28,450,17193557,other,0,0

2015-11-28,451,39083136,other,5.0,8

2015-11-28,452,12443143,other,3.714,28

2015-11-28,453,33056707,other,4.673,55

2015-11-28,454,46064310,other,4.75,4

2015-11-28,455,10312645,other,3.98,98

2015-11-28,456,43710630,other,0,0

2015-11-28,457,44656712,Kellogg,0,0

2015-11-28,458,41474806,other,1.0,1

2015-11-28,459,43924539,Kashi,0,0

2015-11-28,460,27617752,other,5.0,5

2015-11-28,461,46203023,Kellogg,0,0

2015-11-28,462,28926816,other,0,0

2015-11-28,463,43710626,other,0,0

2015-11-28,464,44014060,other,0,0

2015-11-28,465,10312438,other,4.109,192

2015-11-28,466,17193491,other,5.0,1

2015-11-28,467,42864588,Post,3.667,3

2015-11-28,468,42864589,Post,0,0

2015-11-28,469,19399978,other,5.0,3

2015-11-28,470,10451772,other,5.0,1

2015-11-28,471,44680628,other,0,0

2015-11-28,472,22389007,other,5.0,4

2015-11-28,473,46161565,other,0,0

2015-11-28,474,10312480,other,4.328,61

2015-11-28,475,44110543,Kellogg,0,0

2015-11-28,476,41027877,other,4.0,3

2015-11-28,477,17196526,other,4.333,3

2015-11-28,478,46771745,Kellogg,0,0

2015-11-28,479,44656720,Kellogg,0,0

2015-11-28,480,46161567,other,0,0

2015-11-28,481,38458541,other,0,0

2015-11-28,482,45791905,other,0,0

2015-11-28,483,33056708,other,4.815,27

2015-11-28,484,33964730,Kashi,0,0

2015-11-28,485,30979193,other,4.0,1

2015-11-28,486,37181768,other,0,0

2015-11-28,487,43924743,Kellogg,0,0

2015-11-28,488,25847974,other,4.688,16

2015-11-28,489,17193540,other,4.0,4

2015-11-28,490,43924504,Kellogg,0,0

2015-11-28,491,43924533,Kellogg,0,0

2015-11-28,492,17193459,other,5.0,3

2015-11-28,493,36365088,other,0,0

2015-11-28,494,21090369,other,5.0,3

2015-11-28,495,34296591,Kashi,0,0

2015-11-28,496,19890856,Kellogg,4.8,5

2015-11-28,497,44897623,other,0,0

2015-11-28,498,29473277,other,0,0

2015-11-28,499,44013961,other,0,0

2015-11-28,500,17196496,other,3.0,2

2015-11-28,501,44897625,other,0,0

2015-11-28,502,34294844,other,0,0

2015-11-28,503,47157543,other,0,0

2015-11-28,504,36309669,other,0,0

2015-11-28,505,17283407,Kellogg,0,0

2015-11-28,506,43924534,Kellogg,0,0

2015-11-28,507,41027876,other,0,0

2015-11-28,508,10789545,Kellogg,4.588,34

2015-11-28,509,36303616,other,0,0

2015-11-28,510,44013962,other,0,0

2015-11-28,511,17193473,other,0,0

2015-11-28,512,27465109,other,4.586,70

2015-11-28,513,29474087,other,0,0

2015-11-28,514,46064311,other,0,0

2015-11-28,515,44897627,other,0,0

2015-11-28,516,43924528,Kellogg,0,0

2015-11-28,517,15935185,Kellogg,0,0

2015-11-28,518,41474802,other,0,0

2015-11-28,519,29474089,other,0,0

2015-11-28,520,17193484,other,0,0

2015-11-28,521,42371553,other,0,0

2015-11-28,522,31222387,other,0,0

2015-11-28,523,17196548,other,0,0

2015-11-28,524,17196504,other,0,0

2015-11-28,525,39569653,other,0,0

2015-11-28,526,17203445,other,4.353,17

2015-11-28,527,22388953,other,4.714,7

2015-11-28,528,33665135,other,0,0

2015-11-28,529,36348857,other,0,0

2015-11-28,530,21125856,other,4.353,17

2015-11-28,531,38458536,other,0,0

2015-11-28,532,43924551,Kellogg,0,0

2015-11-28,533,17193553,other,0,0

2015-11-28,534,17196506,other,0,0

2015-11-28,535,28645922,other,0,0

2015-11-28,536,17196505,other,0,0

2015-11-28,537,36527904,other,0,0

2015-11-28,538,17193453,other,5.0,1

2015-11-28,539,17193613,other,0,0

2015-11-28,540,17196498,other,0,0

2015-11-28,541,39326239,other,4.5,2

2015-11-28,542,44897628,other,0,0

2015-11-28,543,31219558,other,0,0

2015-11-28,544,29473273,other,0,0

2015-11-28,545,17193541,other,4.833,5

2015-11-28,546,22389171,other,4.5,2

2015-11-28,547,29473266,other,5.0,1

2015-11-28,548,17193452,other,0,0

2015-11-28,549,17193563,other,5.0,1

2015-11-28,550,14053206,Kellogg,0,0

2015-11-28,551,43924527,Kellogg,0,0

2015-11-28,552,10789475,other,4.667,30

2015-11-28,553,44014739,other,0,0

2015-11-28,554,39326233,other,0,0

2015-11-28,555,43924538,Kellogg,0,0

2015-11-28,556,17193486,other,4.539,13

2015-11-28,557,17193497,other,0,0

2015-11-28,558,31219537,other,0,0

2015-11-28,559,33655402,other,0,0

2015-11-28,560,17196502,other,0,0

2015-11-28,561,46265099,other,0,0

2015-11-28,562,33665089,other,0,0

2015-11-28,563,17196489,other,5.0,1

2015-11-28,564,24534158,other,0,0

2015-11-28,565,46175186,other,0,0

2015-11-28,566,17193549,other,0,0

2015-11-28,567,39326240,other,0,0

2015-11-28,568,22001481,other,4.211,19

2015-11-28,569,17193547,other,0,0

2015-11-28,570,17193501,other,5.0,2

2015-11-28,571,33665087,other,0,0

2015-11-28,572,17196516,other,0,0

2015-11-28,573,46265205,Kashi,0,0

2015-11-28,574,29473276,other,5.0,1

2015-11-28,575,47335466,other,0,0

2015-11-28,576,17193644,other,4.8,5

2015-11-28,577,39326235,other,0,0

2015-11-28,578,29029235,other,4.091,11

2015-11-28,579,39326211,other,0,0

2015-11-28,580,17196492,other,5.0,1

2015-11-28,581,46064312,other,0,0

2015-11-28,582,17196520,other,0,0

2015-11-28,583,17196518,other,0,0

2015-11-28,584,31222373,other,0,0

2015-11-28,585,38441458,other,0,0

2015-11-28,586,12443033,other,5.0,3

2015-11-28,587,47335206,other,0,0

2015-11-28,588,47335199,other,0,0

2015-11-28,589,47335202,other,0,0

2015-11-28,590,32687275,other,0,0

2015-11-28,591,47335458,other,0,0

2015-11-28,592,17196499,other,0,0

2015-11-28,593,17193647,other,0,0

2015-11-28,594,29473270,other,0,0

2015-11-28,595,47335201,other,0,0

2015-11-28,596,46175192,other,0,0

2015-11-28,597,29474006,other,0,0

2015-11-28,598,22572886,other,0,0

2015-11-28,599,17193545,other,0,0

2015-11-28,600,17193543,other,0,0

2015-11-28,601,21125853,other,4.6,19

2015-11-28,602,17196523,other,3.0,4

2015-11-28,603,43398466,other,0,0

2015-11-28,604,43924529,Kellogg,0,0

2015-11-28,605,10291515,other,4.5,2

2015-11-28,606,17193456,other,4.75,4

2015-11-28,607,37019031,other,4.429,7

2015-11-28,608,17193475,other,0,0

2015-11-28,609,24182561,other,0,0

2015-11-28,610,10311281,other,4.405,36

2015-11-28,611,29303745,other,0,0

2015-11-28,612,43437502,other,0,0

2015-11-28,613,22388976,other,5.0,4

2015-11-28,614,43495635,other,0,0

2015-11-28,615,43473774,other,0,0

2015-11-28,616,35500693,Kashi,0,0

2015-11-28,617,28646173,other,0,0

2015-11-28,618,21090108,other,0,0

2015-11-28,619,46893124,other,0,0

2015-11-28,620,17193603,other,5.0,1

2015-11-28,621,17193556,other,0,0

2015-11-28,622,44013975,other,0,0

2015-11-28,623,41726249,other,4.369,157

2015-11-28,624,17196596,other,0,0

2015-11-28,625,44923313,other,0,0

2015-11-28,626,44014738,other,0,0

2015-11-28,627,44014444,other,0,0

2015-11-28,628,44923314,other,0,0

2015-11-28,629,17196560,other,0,0

2015-11-28,630,17193496,other,0,0

2015-11-28,631,29231942,Kellogg,4.241,340

2015-11-28,632,35176873,other,0,0

2015-11-28,633,30943781,other,0,0

2015-11-28,634,17193554,other,0,0

2015-11-28,635,34296344,other,0,0

2015-11-28,636,17196553,other,0,0

2015-11-28,637,17196441,other,0,0

2015-11-28,638,29304417,other,0,0

2015-11-28,639,40926889,other,4.383,47

2015-11-28,640,33665085,other,0,0

2015-11-28,641,39241733,other,0,0

2015-11-28,642,20970520,other,3.949,59

2015-11-28,643,45622222,other,4.667,3

2015-11-28,644,37587216,other,4.6,15

2015-11-28,645,47754329,other,0,0

2015-11-28,646,47713361,other,0,0

2015-11-28,647,47508860,other,0,0

2015-11-28,648,34202123,other,0,0

2015-11-28,649,47912869,other,0,0

2015-11-28,650,47906629,other,0,0

2015-11-28,651,23803902,other,4.381,42

2015-11-28,652,31121629,other,0,0

2015-11-28,653,36305335,other,0,0

2015-11-28,654,17196430,other,5.0,1

2015-11-28,655,30915750,other,0,0

2015-11-28,656,29303853,other,0,0

2015-11-28,657,31050944,other,0,0

2015-11-28,658,31051831,other,0,0

2015-11-28,659,22388969,other,5.0,4

2015-11-28,660,31006338,other,0,0

2015-11-28,661,31054861,other,0,0

2015-11-28,662,28646555,other,0,0

2015-11-28,663,45612375,other,0,0

2015-11-28,664,25780675,other,0,0

2015-11-28,665,37643095,other,4.071,42

2015-11-28,666,38260445,other,4.26,50

2015-11-28,667,29303654,other,0,0

2015-11-28,668,17196594,other,0,0

2015-11-28,669,29473263,other,5.0,1

2015-11-28,670,45612376,other,0,0

2015-11-28,671,28646177,other,0,0

2015-11-28,672,29005135,other,0,0

2015-11-28,673,17196521,other,0,0

2015-11-28,674,31219543,other,0,0

2015-11-28,675,42743429,other,0,0

2015-11-28,676,24491588,other,4.667,3

2015-11-28,677,33665088,other,0,0

2015-11-28,678,33652989,other,0,0

2015-11-28,679,25519289,other,0,0

2015-11-28,680,25847966,other,4.917,12

2015-11-28,681,44897624,other,0,0

2015-11-28,682,40126507,other,0,0

2015-11-28,683,17196458,other,4.0,3

2015-11-28,684,28836577,other,0,0

2015-11-28,685,37643096,other,3.714,7

2015-11-28,686,23803903,other,4.786,14

2015-11-28,687,30991774,other,0,0

2015-11-28,688,36312020,other,1.0,2

2015-11-28,689,27734337,other,4.2,10

2015-11-28,690,29304807,other,0,0

2015-11-28,691,28646197,other,0,0

2015-11-28,692,28646228,other,0,0

2015-11-28,693,30953217,other,0,0

2015-11-28,694,29070193,other,4.556,9

2015-11-28,695,12444772,other,4.571,14

2015-11-28,696,44923319,other,0,0

2015-11-28,697,10312450,other,4.056,18

2015-11-28,698,24225408,other,4.947,19

2015-11-28,699,28646214,other,0,0

2015-11-28,700,20746408,Kellogg,4.843,51

2015-11-28,701,31075970,other,0,0

2015-11-28,702,34822756,other,0,0

2015-11-28,703,26381257,other,0,0

2015-11-28,704,22388961,other,0,0

2015-11-28,705,10318666,other,4.6,20

2015-11-28,706,29304634,other,0,0

2015-11-28,707,17193596,other,0,0

2015-11-28,708,29474010,other,5.0,1

2015-11-28,709,28646227,other,0,0

2015-11-28,710,17193449,other,5.0,1

2015-11-28,711,29303904,other,0,0

2015-11-28,712,29304426,other,0,0

2015-11-28,713,30946235,other,0,0

2015-11-28,714,28646466,other,0,0

2015-11-28,715,34227716,other,0,0

2015-11-28,716,45612377,other,0,0

2015-11-28,717,40347965,other,0,0

2015-11-28,718,28646318,other,0,0

2015-11-28,719,29304338,other,0,0

2015-11-28,720,28644869,other,0,0

2015-11-28,721,30993289,other,0,0

2015-11-28,722,28646342,other,0,0

2015-11-28,723,28646107,other,0,0

2015-11-28,724,29304811,other,0,0

2015-11-28,725,29303668,other,0,0

2015-11-28,726,28926826,other,0,0

2015-11-28,727,17193488,other,0,0

2015-11-28,728,31019488,other,0,0

2015-11-28,729,30998943,other,0,0

2015-11-28,730,10312451,other,3.5,18

2015-11-28,731,17193515,other,5.0,3

2015-11-28,732,17193594,other,4.1,10

2015-11-28,733,23803904,other,4.25,8

2015-11-28,734,24225407,other,5.0,9

2015-11-28,735,29473258,other,3.667,3

2015-11-28,736,17196599,other,4.5,2

2015-11-28,737,22027234,other,5.0,1

2015-11-28,738,27617748,other,4.056,18

2015-11-28,739,34536018,other,4.625,8

2015-11-28,740,17196570,other,5.0,1

2015-11-28,741,17196621,other,5.0,1

2015-11-28,742,17193445,other,5.0,1

2015-11-28,743,14904287,other,4.091,11

2015-11-28,744,43492863,other,5.0,1

2015-11-28,745,22365087,other,4.531,32

2015-11-28,746,20439478,other,4.0,14

2015-11-28,747,23803898,other,4.286,7

2015-11-28,748,17196462,other,0,0

2015-11-28,749,17193492,other,4.0,2

2015-11-28,750,21064290,other,0,0

2015-11-28,751,29472954,other,3.5,18

2015-11-28,752,41480897,other,4.482,27

2015-11-28,753,17193504,other,4.667,3

2015-11-28,754,22572885,other,5.0,2

2015-11-28,755,23803899,other,4.333,6

2015-11-28,756,10891772,Kashi,4.571,7

2015-11-28,757,23803901,other,4.429,7

2015-11-28,758,17196615,other,0,0

2015-11-28,759,17193605,Kashi,4.5,2

2015-11-28,760,21651815,other,4.62,50

2015-11-28,761,17193520,other,4.7,10

2015-11-28,762,17193519,other,4.5,2

2015-11-28,763,17193552,other,4.667,3

2015-11-28,764,29473268,other,4.0,1

2015-11-28,765,24225409,other,4.818,11

2015-11-28,766,34481848,other,4.385,13

2015-11-28,767,21090101,other,0,0

2015-11-28,768,29070192,other,4.889,9

2015-11-28,769,17193489,Kashi,5.0,2

2015-11-28,770,17193487,other,1.0,1

2015-11-28,771,44656714,Kellogg,2.0,1

2015-11-28,772,23803900,other,4.5,2

2015-11-28,773,33655409,Kashi,0,0

2015-11-28,774,29473259,other,5.0,2

2015-11-28,775,17193595,Kashi,0,0

2015-11-28,776,42353816,other,3.0,2

2015-11-28,777,39326198,other,5.0,1

2015-11-28,778,30606988,other,4.29,31

2015-11-28,779,19890850,Kellogg,4.833,18

2015-11-28,780,10318667,other,4.5,8

2015-11-28,781,33669285,other,0,0

2015-11-28,782,24083159,other,4.0,1

2015-11-28,783,29303841,other,0,0

2015-11-28,784,33665093,other,0,0

2015-11-28,785,38260487,other,5.0,10

2015-11-28,786,10319582,Kashi,4.429,7

2015-11-28,787,19898014,other,5.0,4

2015-11-28,788,46771749,Kashi,0,0

2015-11-28,789,24446956,other,0,0

2015-11-28,790,30606987,other,4.519,27

2015-11-28,791,10319632,Kashi,0,0

2015-11-28,792,42218236,Kellogg,3.0,1

2015-11-28,793,29304186,other,5.0,3

2015-11-28,794,38587408,other,4.857,7

2015-11-28,795,33669275,other,0,0

2015-11-28,796,31219562,other,0,0

2015-11-28,797,17193560,other,4.0,1

2015-11-28,798,17208774,other,5.0,1

2015-11-28,799,24491585,other,3.5,2

2015-11-28,800,22365238,other,4.333,30

2015-11-28,801,17193514,other,0,0

2015-11-28,802,22388998,other,5.0,4

2015-11-28,803,10898868,Kellogg,4.5,24

2015-11-28,804,45099798,other,0,0

2015-11-28,805,45099799,other,0,0

2015-11-28,806,34334684,other,5.0,1

2015-11-28,807,43492832,other,0,0

2015-11-28,808,33653001,other,5.0,1

2015-11-28,809,38260434,other,0,0

2015-11-28,810,17196429,other,5.0,3

2015-11-28,811,46265090,other,0,0

2015-11-28,812,46771748,Kashi,0,0

2015-11-28,813,10319581,Kashi,3.625,8

2015-11-28,814,14118808,other,4.133,60

2015-11-28,815,14053351,other,4.333,3

2015-11-28,816,33963475,other,5.0,1

2015-11-28,817,23803897,other,5.0,4

2015-11-28,818,16940598,other,4.158,303

2015-11-28,819,29473340,other,0,0

2015-11-28,820,45099792,other,0,0

2015-11-28,821,44897633,other,0,0

2015-11-28,822,17193481,other,5.0,2

2015-11-28,823,38260433,other,4.0,1

2015-11-28,824,44923316,other,0,0

2015-11-28,825,22066515,other,4.625,16

2015-11-28,826,44886121,other,0,0

2015-11-28,827,10311584,Cheerios,4.556,18

2015-11-28,828,44897724,other,0,0

2015-11-28,829,32687276,other,5.0,2

2015-11-28,830,29473255,other,0,0

2015-11-28,831,21651817,other,5.0,3

2015-11-28,832,41480898,other,4.0,2

2015-11-28,833,43492831,other,0,0

2015-11-28,834,45099790,other,0,0

2015-11-28,835,44013969,other,0,0

2015-11-28,836,31219550,other,5.0,1

2015-11-28,837,17196597,other,5.0,1

2015-11-28,838,44013974,other,0,0

2015-11-28,839,17193538,other,5.0,1

2015-11-28,840,15556144,other,0,0

2015-11-28,841,44014331,other,0,0

2015-11-28,842,35177078,other,0,0

2015-11-28,843,17196620,other,5.0,1

2015-11-28,844,17196598,other,5.0,1

2015-11-28,845,37003367,other,5.0,1

2015-11-28,846,45453321,other,0,0

2015-11-28,847,27734338,other,4.75,8

2015-11-28,848,17196600,other,0,0

2015-11-28,849,17193537,other,4.5,2

2015-11-28,850,33652993,other,4.357,14

2015-11-28,851,33652998,other,3.76,50

2015-11-28,852,29473264,other,0,0

2015-11-28,853,40901725,other,0,0

2015-11-28,854,40901723,other,0,0

2015-11-28,855,24491496,other,0,0

2015-11-28,856,33665117,other,0,0

2015-11-28,857,17193451,other,0,0

2015-11-28,858,17196622,other,3.0,2

2015-11-28,859,21090086,other,0,0

2015-11-28,860,39086034,other,0,0

2015-11-28,861,36142636,other,0,0

2015-11-28,862,41480899,other,0,0

2015-11-28,863,21090104,other,0,0

2015-11-28,864,35177097,other,0,0

2015-11-28,865,14651641,other,4.391,23

2015-11-28,866,46175188,other,0,0

2015-11-28,867,46868449,other,0,0

2015-11-28,868,47335563,other,0,0

2015-11-28,869,46265052,other,0,0

2015-11-28,870,39569655,other,0,0

2015-11-28,871,23803895,other,4.846,13

2015-11-28,872,10789585,Kellogg,4.5,106

2015-11-28,873,17196575,other,0,0

2015-11-28,874,17196455,other,3.0,2

2015-11-28,875,36128395,other,4.286,7

2015-11-28,876,21090085,other,5.0,1

2015-11-28,877,42371381,other,0,0

2015-11-28,878,40901724,other,0,0

2015-11-28,879,17196584,other,5.0,1

2015-11-28,880,27672360,other,0,0

2015-11-28,881,17196586,other,5.0,2

2015-11-28,882,17196448,other,0,0

2015-11-28,883,17196614,other,5.0,1

2015-11-28,884,17196573,other,0,0

2015-11-28,885,33665102,other,0,0

2015-11-28,886,17196479,other,0,0

2015-11-28,887,21090283,other,0,0

2015-11-28,888,41048702,other,0,0

2015-11-28,889,17196571,other,5.0,2

2015-11-28,890,17196616,other,5.0,1

2015-11-28,891,27465110,other,0,0

2015-11-28,892,17196605,other,5.0,2

2015-11-28,893,42371386,other,0,0

2015-11-28,894,44014390,other,0,0

2015-11-28,895,17196572,other,0,0

2015-11-28,896,31222388,other,0,0

2015-11-28,897,47335574,other,0,0

2015-11-28,898,31222384,other,0,0

2015-11-28,899,17193513,other,0,0

2015-11-28,900,29473339,other,0,0

2015-11-28,901,44014669,other,0,0

2015-11-28,902,17196484,other,0,0

2015-11-28,903,20897623,other,5.0,2

2015-11-28,904,47335362,other,0,0

2015-11-28,905,33665099,other,0,0

2015-11-28,906,47335377,other,0,0

2015-11-28,907,33652983,other,0,0

2015-11-28,908,33653006,other,0,0

2015-11-28,909,47335365,other,0,0

2015-11-28,910,17193466,other,0,0

2015-11-28,911,17196461,other,0,0

2015-11-28,912,21467395,other,5.0,2

2015-11-28,913,46265053,other,0,0

2015-11-28,914,16504555,other,4.394,33

2015-11-28,915,47335564,other,0,0

2015-11-28,916,21090595,other,0,0

2015-11-28,917,25847930,other,4.837,49

2015-11-28,918,23803896,other,5.0,2

2015-11-28,919,10449116,Kellogg,4.4,15

2015-11-28,920,44680629,other,0,0

2015-11-28,921,37761293,other,5.0,2

2015-11-28,922,21090592,other,0,0

2015-11-28,923,17196463,other,0,0

2015-11-28,924,21091546,other,5.0,1

2015-11-28,925,44014670,other,5.0,1

2015-11-28,926,44014391,other,0,0

2015-11-28,927,17193568,other,0,0

2015-11-28,928,21090070,other,0,0

2015-11-28,929,21091548,other,0,0

2015-11-28,930,21090103,other,0,0

2015-11-28,931,10818648,Kellogg,4.493,67

2015-11-28,932,41048759,other,5.0,1

2015-11-28,933,17196424,other,0,0

2015-11-28,934,22572884,other,0,0

2015-11-28,935,10294889,other,4.625,8

2015-11-28,936,16935723,other,4.472,106

2015-11-28,937,36483294,other,0,0

2015-11-28,938,44013972,other,0,0

2015-11-28,939,46175193,other,0,0

2015-11-28,940,22001573,other,4.667,3

2015-11-28,941,47335302,other,0,0

2015-11-28,942,17196483,other,0,0

2015-11-28,943,47335575,other,0,0

2015-11-28,944,17196464,other,0,0

2015-11-28,945,46175187,other,0,0

2015-11-28,946,23788432,other,5.0,3

2015-11-28,947,44014330,other,0,0

2015-11-28,948,36483296,other,0,0

2015-11-28,949,21091542,other,0,0

2015-11-28,950,14651640,other,4.2,5

2015-11-28,951,36706814,other,5.0,1

2015-11-28,952,21091541,other,3.333,3

2015-11-28,953,21090979,other,0,0

2015-11-28,954,16504556,other,4.76,25

2015-11-28,955,10789584,Kellogg,4.455,55

2015-11-28,956,47335300,other,0,0

2015-11-28,957,17196481,other,0,0

2015-11-28,958,40901732,other,0,0

2015-11-28,959,22012985,other,4.5,4

2015-11-28,960,17193597,other,5.0,1

2015-11-28,961,17196482,other,0,0

2015-11-28,962,43924541,Kellogg,0,0

2015-11-28,963,35177076,other,0,0

2015-11-28,964,47335625,other,0,0

2015-11-28,965,47335622,other,0,0

2015-11-28,966,47335565,other,0,0

2015-11-28,967,47335626,other,0,0

2015-11-28,968,47369913,other,0,0

2015-11-28,969,47335585,other,0,0

2015-11-28,970,47335369,other,0,0

2015-11-28,971,44460102,other,0,0

2015-11-28,972,46265150,other,0,0

2015-11-28,973,46265147,other,0,0

2015-11-28,974,14574656,other,0,0

2015-11-28,975,46175993,other,0,0

2015-11-28,976,10294887,other,4.769,13

2015-11-28,977,46265148,other,0,0

2015-11-28,978,46265067,other,0,0

2015-11-28,979,46271056,other,0,0

2015-11-28,980,10294890,other,4.667,6

2015-11-28,981,31219555,other,0,0

2015-11-28,982,40901726,other,0,0

2015-11-28,983,17193639,other,0,0

2015-11-28,984,10891757,Kellogg,4.533,45

2015-11-28,985,36483293,other,0,0

2015-11-28,986,10789582,Kellogg,4.597,62

2015-11-28,987,42737291,other,0,0

2015-11-28,988,17196606,other,0,0

2015-11-28,989,46271160,other,0,0

2015-11-28,990,33056711,other,5.0,2

2015-11-28,991,10315165,other,4.508,61

2015-11-28,992,42709978,other,0,0

2015-11-28,993,42751066,other,0,0

2015-11-28,994,31219534,other,0,0

2015-11-28,995,42755309,other,0,0

2015-11-28,996,44014679,other,0,0

2015-11-28,997,44014675,other,0,0

2015-11-28,998,44014681,other,0,0

2015-11-28,999,44014678,other,0,0

2015-11-28,1000,44460100,other,0,0

